id;media_value;created_by
1;test;system
2;sample media;system
3;<?xml version="1.0"?>;system
4;emplId=22;system
5;"{
   "trackingId" : "83182ea7-9107-4cdf-ba94-4c760f087f23",
   "serverName" : "qahuwb21.capella.edu",
   "learnerLastName" : "Doran",
   "learnerFirstName" : "Cheryl",
   "learnerEmployeeId" : "1000728",
   "milestone" : [ {
      "number" : "10",
      "title" : "Research Ethics Education"
   }, {
      "number" : "20",
      "title" : "Topic Approval"
   }, {
      "number" : "30",
      "title" : "Mentor Research Plan"
   }, {
      "number" : "40",
      "title" : "Committee Research Plan"
   }, {
      "number" : "50",
      "title" : "Scientific Merit"
   }, {
      "number" : "60",
      "title" : "IRB"
   }, {
      "number" : "70",
      "title" : "Pre-Data Call"
   }, {
      "number" : "80",
      "title" : "Chapters 1 and 2"
   }, {
      "number" : "90",
      "title" : "Chapters 3 - 5"
   }, {
      "number" : "100",
      "title" : "Committee Approved D"
   }, {
      "number" : "110",
      "title" : "School Approval"
   }, {
      "number" : "120",
      "title" : "Format Editing"
   }, {
      "number" : "130",
      "title" : "Final Call"
   }, {
      "number" : "140",
      "title" : "Final Manuscript"
   }, {
      "number" : "150",
      "title" : "Manuscript Publication"
   }, {
      "number" : "160",
      "title" : "Deans Approval"
   } ]
}";system